time,latitude,longitude,depth,magnitude,place,month,category,area_name,source,dist_to_ref_km,hypocenter_dist_km,is_in_japan_bounds
2025-10-18 17:19:22.820000+00:00,29.35,131.74,10.0,4.6,"151 km SE of Koshima, Japan",October,Average,151 km SE of Koshima,JAPAN_USGS,1025.3,1025.35,True
2025-10-17 20:28:15.014000+00:00,29.86,139.07,416.83,4.6,"Izu Islands, Japan region",October,Average,Izu Islands,JAPAN_USGS,650.81,772.85,True
2025-10-15 08:50:20.933000+00:00,38.5,141.29,86.69,4.4,"8 km N of Ishinomaki, Japan",October,Average,8 km N of Ishinomaki,JAPAN_USGS,343.15,353.93,True
2025-10-14 23:29:10.333000+00:00,30.38,138.27,440.54,4.5,"Izu Islands, Japan region",October,Average,Izu Islands,JAPAN_USGS,605.06,748.45,True
2025-10-14 03:34:24.223000+00:00,39.6,139.51,11.32,4.6,"51 km SW of Tennō, Japan",October,Average,51 km SW of Tennō,JAPAN_USGS,435.12,435.27,True
2025-10-13 03:25:44.134000+00:00,38.59,142.59,38.35,4.7,"92 km SE of Ōfunato, Japan",October,Average,92 km SE of Ōfunato,JAPAN_USGS,412.28,414.06,True
2025-10-11 03:22:00.952000+00:00,30.35,138.45,432.86,4.8,"Izu Islands, Japan region",October,Average,Izu Islands,JAPAN_USGS,604.89,743.81,True
2025-10-10 22:06:36.054000+00:00,41.73,142.68,58.7,4.3,"48 km S of Urakawa, Japan",October,Average,48 km S of Urakawa,JAPAN_USGS,719.85,722.24,True
2025-10-07 21:38:37.324000+00:00,29.24,129.39,10.0,5.3,"90 km NNW of Tatsugō, Japan",October,Average,90 km NNW of Tatsugō,JAPAN_USGS,1202.28,1202.32,True
2025-10-07 01:42:51.615000+00:00,37.67,144.11,10.0,4.6,"249 km ESE of Onagawa Chō, Japan",October,Average,249 km ESE of Onagawa Chō,JAPAN_USGS,451.3,451.41,True
2025-10-07 01:17:17.241000+00:00,37.83,144.11,10.0,4.7,"243 km ESE of Onagawa Chō, Japan",October,Average,243 km ESE of Onagawa Chō,JAPAN_USGS,459.89,460.0,True
2025-10-07 00:30:23.986000+00:00,37.57,141.3,49.32,5.1,"28 km ENE of Namie, Japan",October,Average,28 km ENE of Namie,JAPAN_USGS,253.6,258.35,True
2025-10-06 20:02:43.141000+00:00,27.21,140.26,442.46,4.1,"Bonin Islands, Japan region",October,Average,Bonin Islands,JAPAN_USGS,944.41,1042.92,True
2025-10-06 18:25:05.232000+00:00,37.86,144.1,10.0,4.7,"241 km ESE of Onagawa Chō, Japan",October,Average,241 km ESE of Onagawa Chō,JAPAN_USGS,460.8,460.91,True
2025-10-06 14:57:59.833000+00:00,37.76,144.2,10.0,4.9,"253 km ESE of Onagawa Chō, Japan",October,Average,253 km ESE of Onagawa Chō,JAPAN_USGS,463.0,463.11,True
2025-10-06 14:20:28.882000+00:00,37.77,144.04,29.71,4.8,"239 km ESE of Onagawa Chō, Japan",October,Average,239 km ESE of Onagawa Chō,JAPAN_USGS,451.24,452.22,True
2025-10-04 15:21:09.034000+00:00,37.43,141.64,43.86,5.9,"56 km E of Tomioka, Japan",October,Average,56 km E of Tomioka,JAPAN_USGS,260.25,263.92,True
2025-10-04 14:15:19.580000+00:00,39.75,142.19,53.25,4.5,"24 km ENE of Miyako, Japan",October,Average,24 km ENE of Miyako,JAPAN_USGS,502.08,504.9,True
2025-10-03 03:48:03.442000+00:00,35.52,139.95,103.24,4.5,"12 km W of Ichihara, Japan",October,Average,12 km W of Ichihara,JAPAN_USGS,30.01,107.51,True
2025-10-01 23:02:50.231000+00:00,28.44,139.57,421.01,4.2,"Bonin Islands, Japan region",October,Average,Bonin Islands,JAPAN_USGS,806.19,909.5,True
2025-10-01 19:26:13.602000+00:00,33.47,142.4,10.0,4.5,"266 km SE of Katsuura, Japan",October,Average,266 km SE of Katsuura,JAPAN_USGS,349.81,349.95,True
2025-10-01 17:40:52.985000+00:00,38.0,143.93,10.0,4.5,"222 km ESE of Onagawa Chō, Japan",October,Average,222 km ESE of Onagawa Chō,JAPAN_USGS,456.26,456.37,True
2025-10-01 14:50:08.210000+00:00,38.71,141.89,78.59,4.8,"43 km SSE of Ōfunato, Japan",October,Average,43 km SSE of Ōfunato,JAPAN_USGS,388.19,396.07,True
2025-09-29 17:28:03.936000+00:00,37.99,143.84,10.0,4.6,"215 km ESE of Onagawa Chō, Japan",September,Average,215 km ESE of Onagawa Chō,JAPAN_USGS,449.05,449.16,True
2025-09-28 21:23:51.613000+00:00,24.35,123.28,60.44,4.5,"31 km ESE of Yonakuni, Japan",September,Average,31 km ESE of Yonakuni,JAPAN_USGS,2016.4,2017.31,True
2025-09-28 07:04:22.458000+00:00,29.75,142.16,10.0,4.4,"Izu Islands, Japan region",September,Average,Izu Islands,JAPAN_USGS,699.57,699.64,True
2025-09-28 06:35:20.239000+00:00,29.65,142.24,10.0,4.1,"Izu Islands, Japan region",September,Average,Izu Islands,JAPAN_USGS,712.58,712.65,True
2025-09-28 01:36:38.460000+00:00,37.81,144.12,10.0,4.5,"244 km ESE of Onagawa Chō, Japan",September,Average,244 km ESE of Onagawa Chō,JAPAN_USGS,459.55,459.66,True
2025-09-27 23:30:46.335000+00:00,37.76,144.32,10.0,4.3,"263 km ESE of Onagawa Chō, Japan",September,Average,263 km ESE of Onagawa Chō,JAPAN_USGS,472.31,472.42,True
2025-09-27 23:29:02.854000+00:00,37.74,144.13,10.0,4.5,"247 km ESE of Onagawa Chō, Japan",September,Average,247 km ESE of Onagawa Chō,JAPAN_USGS,456.53,456.64,True
2025-09-27 13:37:18.035000+00:00,37.77,144.19,10.0,4.8,"251 km ESE of Onagawa Chō, Japan",September,Average,251 km ESE of Onagawa Chō,JAPAN_USGS,462.76,462.87,True
2025-09-26 10:34:30.644000+00:00,37.9,143.99,10.0,4.6,"230 km ESE of Onagawa Chō, Japan",September,Average,230 km ESE of Onagawa Chō,JAPAN_USGS,454.78,454.89,True
2025-09-25 17:01:00.816000+00:00,30.95,140.08,10.04,4.6,"Izu Islands, Japan region",September,Average,Izu Islands,JAPAN_USGS,528.24,528.34,True
2025-09-25 00:14:28.992000+00:00,37.82,144.17,10.0,4.6,"248 km ESE of Onagawa Chō, Japan",September,Average,248 km ESE of Onagawa Chō,JAPAN_USGS,463.92,464.03,True
2025-09-24 18:03:16.520000+00:00,38.94,142.11,57.31,4.7,"36 km ESE of Ōfunato, Japan",September,Average,36 km ESE of Ōfunato,JAPAN_USGS,419.93,423.82,True
2025-09-23 17:08:15.065000+00:00,28.82,128.58,147.31,4.5,"85 km NW of Uken, Japan",September,Average,85 km NW of Uken,JAPAN_USGS,1292.84,1301.21,True
2025-09-22 21:51:34.178000+00:00,36.41,142.58,10.0,4.5,"167 km ESE of Iwaki, Japan",September,Average,167 km ESE of Iwaki,JAPAN_USGS,271.73,271.91,True
2025-09-20 21:47:23.395000+00:00,40.26,141.85,46.24,4.4,"10 km NE of Kuji, Japan",September,Average,10 km NE of Kuji,JAPAN_USGS,542.23,544.2,True
2025-09-20 11:23:42.761000+00:00,25.4,141.12,147.67,4.6,"Volcano Islands, Japan region",September,Average,Volcano Islands,JAPAN_USGS,1152.24,1161.66,True
2025-09-20 04:46:33.888000+00:00,24.07,126.29,10.0,4.8,"127 km SE of Miyakojima, Japan",September,Average,127 km SE of Miyakojima,JAPAN_USGS,1823.62,1823.65,True
2025-09-19 19:43:34.494000+00:00,28.07,139.55,486.59,4.1,"Bonin Islands, Japan region",September,Average,Bonin Islands,JAPAN_USGS,847.36,977.13,True
2025-09-19 18:02:15.404000+00:00,36.19,140.85,38.87,4.6,"27 km ESE of Ōarai, Japan",September,Average,27 km ESE of Ōarai,JAPAN_USGS,118.2,124.43,True
2025-09-19 17:38:38.859000+00:00,28.0,139.67,503.77,4.1,"Bonin Islands, Japan region",September,Average,Bonin Islands,JAPAN_USGS,855.04,992.41,True
2025-09-18 18:39:21.040000+00:00,35.41,141.06,34.94,4.5,"41 km SSE of Hasaki, Japan",September,Average,41 km SSE of Hasaki,JAPAN_USGS,127.63,132.33,True
2025-09-18 10:06:48.640000+00:00,32.0,131.87,47.63,4.3,"37 km ESE of Takanabe, Japan",September,Average,37 km ESE of Takanabe,JAPAN_USGS,830.32,831.68,True
2025-09-17 13:27:29.655000+00:00,29.75,129.64,10.0,4.6,"95 km SW of Kurio, Japan",September,Average,95 km SW of Kurio,JAPAN_USGS,1148.04,1148.08,True
2025-09-17 13:00:28.911000+00:00,29.62,129.6,10.0,4.9,"107 km SW of Kurio, Japan",September,Average,107 km SW of Kurio,JAPAN_USGS,1159.98,1160.02,True
2025-09-17 12:55:02.855000+00:00,29.59,129.68,8.37,4.9,"104 km SW of Kurio, Japan",September,Average,104 km SW of Kurio,JAPAN_USGS,1155.98,1156.01,True
2025-09-17 12:53:28.547000+00:00,29.59,129.65,10.0,4.6,"105 km SW of Kurio, Japan",September,Average,105 km SW of Kurio,JAPAN_USGS,1158.25,1158.29,True
2025-09-16 21:33:59.018000+00:00,34.49,139.47,10.0,4.4,"52 km ESE of Shimoda, Japan",September,Average,52 km ESE of Shimoda,JAPAN_USGS,134.89,135.26,True
2025-09-16 14:30:11.717000+00:00,27.27,140.31,320.52,4.0,"Bonin Islands, Japan region",September,Average,Bonin Islands,JAPAN_USGS,938.03,991.28,True
2025-09-16 03:18:26.896000+00:00,39.49,143.32,10.0,4.4,"117 km E of Yamada, Japan",September,Average,117 km E of Yamada,JAPAN_USGS,529.79,529.88,True
2025-09-15 19:00:07.860000+00:00,37.67,138.84,185.84,4.3,"4 km WSW of Yoshida-kasugachō, Japan",September,Average,4 km WSW of Yoshida-kasugachō,JAPAN_USGS,232.95,298.0,True
2025-09-15 08:43:13.175000+00:00,36.91,141.61,35.0,4.2,"66 km ESE of Iwaki, Japan",September,Average,66 km ESE of Iwaki,JAPAN_USGS,219.01,221.79,True
2025-09-15 04:34:46.286000+00:00,38.49,142.04,56.38,4.4,"51 km E of Onagawa Chō, Japan",September,Average,51 km E of Onagawa Chō,JAPAN_USGS,374.61,378.83,True
2025-10-17 20:28:00+00:00,29.84,139.06,416.0,5.2,"Southeast of Honshu, Japan",October,Average,Southeast of Honshu,JAPAN_GEOFON,653.11,774.34,True
2025-10-15 08:50:00+00:00,38.81,140.84,70.0,4.5,"Eastern Honshu, Japan",October,Average,Eastern Honshu,JAPAN_GEOFON,361.55,368.26,True
2025-10-14 23:29:00+00:00,30.41,138.27,442.0,4.6,"Southeast of Honshu, Japan",October,Average,Southeast of Honshu,JAPAN_GEOFON,601.8,746.68,True
2025-10-14 03:34:00+00:00,39.66,139.42,10.0,4.8,"Near West Coast of Honshu, Japan",October,Average,Near West Coast of Honshu,JAPAN_GEOFON,442.15,442.26,True
2025-10-13 03:25:00+00:00,38.66,142.42,63.0,4.7,"Near East Coast of Honshu, Japan",October,Average,Near East Coast of Honshu,JAPAN_GEOFON,409.26,414.08,True
2025-10-11 14:24:00+00:00,27.17,127.7,86.0,4.8,"Ryukyu Islands, Japan",October,Average,Ryukyu Islands,JAPAN_GEOFON,1478.38,1480.88,True
2025-10-11 03:22:00+00:00,30.39,138.44,445.0,4.8,"Southeast of Honshu, Japan",October,Average,Southeast of Honshu,JAPAN_GEOFON,600.7,747.57,True
2025-10-07 21:38:00+00:00,29.34,129.1,10.0,5.3,"Ryukyu Islands, Japan",October,Average,Ryukyu Islands,JAPAN_GEOFON,1217.27,1217.31,True
2025-10-07 01:17:00+00:00,37.77,144.19,10.0,4.8,"Off East Coast of Honshu, Japan",October,Average,Off East Coast of Honshu,JAPAN_GEOFON,462.76,462.87,True
2025-10-07 00:30:00+00:00,37.58,141.27,53.0,5.1,"Near East Coast of Honshu, Japan",October,Average,Near East Coast of Honshu,JAPAN_GEOFON,253.02,258.51,True
2025-10-06 20:02:00+00:00,27.19,140.39,461.0,4.5,"Bonin Islands, Japan Region",October,Average,Bonin Islands,JAPAN_GEOFON,947.41,1053.62,True
2025-10-06 18:25:00+00:00,37.69,144.21,10.0,4.7,"Off East Coast of Honshu, Japan",October,Average,Off East Coast of Honshu,JAPAN_GEOFON,460.13,460.24,True
2025-10-06 14:58:00+00:00,37.7,144.16,10.0,5.0,"Off East Coast of Honshu, Japan",October,Average,Off East Coast of Honshu,JAPAN_GEOFON,456.75,456.86,True
2025-10-06 14:20:00+00:00,37.7,144.19,10.0,4.9,"Off East Coast of Honshu, Japan",October,Average,Off East Coast of Honshu,JAPAN_GEOFON,459.08,459.19,True
2025-10-03 03:48:00+00:00,35.51,140.04,103.0,4.7,"Near East Coast of Honshu, Japan",October,Average,Near East Coast of Honshu,JAPAN_GEOFON,37.28,109.54,True
2025-10-04 14:15:00+00:00,39.71,142.16,41.0,4.8,"Near East Coast of Honshu, Japan",October,Average,Near East Coast of Honshu,JAPAN_GEOFON,496.96,498.65,True
2025-10-01 14:50:00+00:00,38.76,141.98,60.0,4.8,"Near East Coast of Honshu, Japan",October,Average,Near East Coast of Honshu,JAPAN_GEOFON,396.98,401.49,True
2025-10-01 17:40:00+00:00,37.81,144.12,10.0,4.6,"Off East Coast of Honshu, Japan",October,Average,Off East Coast of Honshu,JAPAN_GEOFON,459.55,459.66,True
2025-09-28 01:36:00+00:00,37.7,144.17,10.0,4.7,"Off East Coast of Honshu, Japan",September,Average,Off East Coast of Honshu,JAPAN_GEOFON,457.53,457.64,True
2025-09-28 21:23:00+00:00,24.34,123.31,58.0,4.8,"Southwestern Ryukyu Islands, Japan",September,Average,Southwestern Ryukyu Islands,JAPAN_GEOFON,2014.92,2015.75,True
2025-09-24 18:03:00+00:00,38.92,142.14,54.0,4.2,"Near East Coast of Honshu, Japan",September,Average,Near East Coast of Honshu,JAPAN_GEOFON,419.39,422.85,True
2025-09-27 13:37:00+00:00,37.79,144.14,10.0,4.8,"Off East Coast of Honshu, Japan",September,Average,Off East Coast of Honshu,JAPAN_GEOFON,459.99,460.1,True
2025-09-20 04:46:00+00:00,24.11,126.12,10.0,4.9,"Ryukyu Islands, Japan",September,Average,Ryukyu Islands,JAPAN_GEOFON,1831.86,1831.89,True
2025-09-23 17:08:00+00:00,28.89,128.73,133.0,4.8,"Ryukyu Islands, Japan",September,Average,Ryukyu Islands,JAPAN_GEOFON,1276.59,1283.5,True
2025-09-17 12:55:00+00:00,29.6,129.71,33.0,5.0,"Ryukyu Islands, Japan",September,Average,Ryukyu Islands,JAPAN_GEOFON,1153.02,1153.49,True
2025-09-17 13:00:00+00:00,29.42,129.93,52.0,4.6,"Ryukyu Islands, Japan",September,Average,Ryukyu Islands,JAPAN_GEOFON,1149.17,1150.35,True
2025-09-15 04:34:00+00:00,38.41,142.11,50.0,4.8,"Near East Coast of Honshu, Japan",September,Average,Near East Coast of Honshu,JAPAN_GEOFON,370.87,374.23,True
2025-09-15 12:45:30.123000+00:00,38.32,142.37,35.0,5.1,"off east coast of Honshu, Japan",September,Average,off east coast of Honshu,japan_messy_earthquakes,376.94,378.56,True
2025-09-16 08:22:05.456000+00:00,36.2,138.25,30.0,4.812903225806451,"near Nagano, Japan",September,Average,near Nagano,japan_messy_earthquakes,141.65,144.79,True
2025-09-17 14:10:05+00:00,43.06,141.35,10.2,4.8,"Hokkaido, Japan region",September,Average,Hokkaido,japan_messy_earthquakes,831.81,831.87,True
2025-09-18 23:11:55+00:00,33.59,130.4,12.0,4.9,"Fukuoka, Japan",September,Average,Fukuoka,japan_messy_earthquakes,881.12,881.2,True
2025-09-19 05:00:00+00:00,35.69,139.69,999.0,5.5," Tokyo, Japan ",September,Average, Tokyo,japan_messy_earthquakes,0.16,999.0,True
2025-09-20 14:30:10.789000+00:00,37.76,140.47,40.23,4.6,Fukushima Prefecture,September,Average,Fukushima Prefecture,japan_messy_earthquakes,240.45,243.79,True
2025-09-21 02:15:45.987000+00:00,34.69,135.5,45.1,5.2,osaka,September,Average,osaka,japan_messy_earthquakes,396.76,399.32,True
2025-09-22 11:05:21+00:00,33.86,132.77,22.0,4.9,"Shikoku, Japan",September,Average,Shikoku,japan_messy_earthquakes,663.94,664.3,True
2025-09-23 18:40:00+00:00,39.7,141.15,50.5,4.812903225806451,Sendai region,September,Average,Sendai region,japan_messy_earthquakes,464.02,466.76,True
2025-09-24 09:09:09.090000+00:00,35.44,139.64,30.0,5.0,Yokohama,September,Average,Yokohama,japan_messy_earthquakes,28.13,41.13,True
2025-09-26 01:25:33+00:00,26.21,127.68,15.0,4.7,"Okinawa, Ryukyu Islands",September,Average,Okinawa,japan_messy_earthquakes,1554.24,1554.31,True
2025-09-27 15:30:00+00:00,35.69,139.69,40.0,5.3,Tokyo Prefecture,September,Average,Tokyo Prefecture,japan_messy_earthquakes,0.16,40.0,True
2025-09-28 16:55:41.812000+00:00,40.82,140.75,60.1,5.0,"near Aomori, Japan",September,Average,near Aomori,japan_messy_earthquakes,577.91,581.03,True
2025-09-29 10:10:10.100000+00:00,35.47,138.5,10.0,4.5,Sea of Japan,September,Average,Sea of Japan,japan_messy_earthquakes,110.5,110.95,True
2025-09-30 20:00:50.400000+00:00,34.39,132.46,80.0,5.0,Hiroshima,September,Average,Hiroshima,japan_messy_earthquakes,673.88,678.61,True
2025-10-01 00:12:34.567000+00:00,35.01,135.77,10.0,4.4,"Kyoto, Japan",October,Average,Kyoto,japan_messy_earthquakes,363.59,363.73,True
2025-10-02 13:01:02.121000+00:00,32.75,129.88,25.3,4.9,Nagasaki,October,Average,Nagasaki,japan_messy_earthquakes,958.98,959.31,True
2025-10-03 21:21:21.212000+00:00,34.69,135.5,30.0,5.1,Osaka Prefecture,October,Average,Osaka Prefecture,japan_messy_earthquakes,396.76,397.89,True
2025-10-04 08:45:15+00:00,35.18,136.91,35.2,4.8,"  Nagoya, Japan  ",October,Average,  Nagoya,japan_messy_earthquakes,258.3,260.69,True
2025-10-05 19:33:00.333000+00:00,37.25,138.75,10.0,4.6,near Niigata,October,Average,near Niigata,japan_messy_earthquakes,192.87,193.13,True
2025-10-06 05:15:22.123000+00:00,36.56,136.66,20.0,4.2,Kanazawa,October,Average,Kanazawa,japan_messy_earthquakes,288.97,289.66,True
2025-10-07 11:30:00+00:00,34.07,131.47,33.0,4.812903225806451,Yamaguchi Prefecture,October,Average,Yamaguchi Prefecture,japan_messy_earthquakes,771.03,771.74,True
2025-10-08 14:20:10+00:00,31.6,130.55,30.0,4.7,Kagoshima,October,Average,Kagoshima,japan_messy_earthquakes,960.06,960.53,True
2025-10-09 09:05:00+00:00,35.69,139.69,2000.0,5.8,"Tokyo, Japan",October,Average,Tokyo,japan_messy_earthquakes,0.16,2000.0,True
2025-10-10 01:01:00+00:00,38.27,140.87,50.0,4.1,"  Sendai, Japan  ",October,Average,  Sendai,japan_messy_earthquakes,305.42,309.49,True
2025-10-11 18:00:00+00:00,35.47,136.46,15.0,4.9,Offshore Chiba,October,Average,Offshore Chiba,japan_messy_earthquakes,293.26,293.64,True
2025-10-12 03:45:19.999000+00:00,43.06,141.35,10.2,4.8,"Hokkaido, Japan region",October,Average,Hokkaido,japan_messy_earthquakes,831.81,831.87,True
2025-10-13 12:12:12.121000+00:00,34.23,134.05,18.0,4.0,Takamatsu,October,Average,Takamatsu,japan_messy_earthquakes,539.04,539.34,True
2025-10-14 22:30:00+00:00,35.44,139.64,30.0,5.0,Yokohama,October,Average,Yokohama,japan_messy_earthquakes,28.13,41.13,True
2025-10-15 07:20:45+00:00,33.25,131.61,0.01,4.3,Oita Prefecture,October,Average,Oita Prefecture,japan_messy_earthquakes,788.65,788.65,True
2025-10-16 15:00:18.200000+00:00,35.68,139.75,33.0,5.0,central tokyo,October,Average,central tokyo,japan_messy_earthquakes,5.37,33.43,True
2025-10-17 10:00:00+00:00,35.47,135.5,40.0,4.6,Kansai region,October,Average,Kansai region,japan_messy_earthquakes,379.83,381.93,True
2025-10-18 23:59:59.999000+00:00,26.21,127.68,15.0,4.7,"Okinawa, Ryukyu Islands",October,Average,Okinawa,japan_messy_earthquakes,1554.24,1554.31,True
2025-10-19 04:40:04.400000+00:00,35.18,136.91,35.2,4.8,"  Nagoya, Japan  ",October,Average,  Nagoya,japan_messy_earthquakes,258.3,260.69,True
2025-10-19 13:23:00+00:00,27.43,126.71,173.0,4.6,NORTHWEST OF RYUKYU ISLANDS,October,Average,NORTHWEST OF RYUKYU ISLANDS,JAPAN_EMSC,1532.65,1542.38,True
2025-10-18 23:43:00+00:00,29.6,129.8,0.0,3.4,"RYUKYU ISLANDS, JAPAN",October,Weak,RYUKYU ISLANDS,JAPAN_EMSC,1146.23,1146.23,True
2025-10-18 17:19:00+00:00,29.35,131.74,10.0,4.6,SOUTHEAST OF RYUKYU ISLANDS,October,Average,SOUTHEAST OF RYUKYU ISLANDS,JAPAN_EMSC,1025.3,1025.35,True
2025-10-18 12:37:00+00:00,36.49,128.05,18.0,2.3,SOUTH KOREA,October,Weak,SOUTH KOREA,JAPAN_EMSC,1049.21,1049.36,True
2025-10-18 05:45:00+00:00,43.05,137.07,300.0,4.1,EASTERN SEA OF JAPAN,October,Average,EASTERN SEA OF JAPAN,JAPAN_EMSC,848.78,900.24,True
2025-10-17 20:28:00+00:00,29.85,139.1,413.0,4.6,"IZU ISLANDS, JAPAN REGION",October,Average,IZU ISLANDS,JAPAN_EMSC,651.67,771.52,True
2025-10-16 01:51:00+00:00,33.9,132.1,60.0,3.3,"SHIKOKU, JAPAN",October,Weak,SHIKOKU,JAPAN_EMSC,720.99,723.48,True
2025-10-15 18:57:00+00:00,36.8,141.4,10.0,4.1,"NEAR EAST COAST OF HONSHU, JAPAN",October,Average,NEAR EAST COAST OF HONSHU,JAPAN_EMSC,196.76,197.01,True
2025-10-15 08:50:00+00:00,38.81,140.84,70.0,4.0,"EASTERN HONSHU, JAPAN",October,Average,EASTERN HONSHU,JAPAN_EMSC,361.55,368.26,True
2025-10-14 23:29:00+00:00,30.38,138.37,434.0,4.5,"IZU ISLANDS, JAPAN REGION",October,Average,IZU ISLANDS,JAPAN_EMSC,603.09,743.02,True
2025-10-14 14:23:00+00:00,29.4,129.5,20.0,3.2,"RYUKYU ISLANDS, JAPAN",October,Weak,RYUKYU ISLANDS,JAPAN_EMSC,1182.79,1182.96,True
2025-10-14 12:34:00+00:00,24.7,125.3,50.0,3.5,"SOUTHWESTERN RYUKYU ISL., JAPAN",October,Weak,SOUTHWESTERN RYUKYU ISL.,JAPAN_EMSC,1841.72,1842.4,True
2025-10-14 03:34:00+00:00,39.65,139.4,10.0,4.6,"NEAR WEST COAST OF HONSHU, JAPAN",October,Average,NEAR WEST COAST OF HONSHU,JAPAN_EMSC,441.13,441.24,True
2025-10-13 22:06:00+00:00,39.5,142.0,20.0,4.2,"NEAR EAST COAST OF HONSHU, JAPAN",October,Average,NEAR EAST COAST OF HONSHU,JAPAN_EMSC,469.94,470.37,True
2025-10-13 17:33:00+00:00,35.8,137.3,10.0,3.4,"EASTERN HONSHU, JAPAN",October,Weak,EASTERN HONSHU,JAPAN_EMSC,216.19,216.42,True
2025-10-13 15:59:00+00:00,42.2,141.9,40.0,3.0,"HOKKAIDO, JAPAN REGION",October,Weak,HOKKAIDO,JAPAN_EMSC,748.62,749.69,True
2025-10-13 10:25:00+00:00,37.5,137.4,10.0,3.0,"NEAR WEST COAST OF HONSHU, JAPAN",October,Weak,NEAR WEST COAST OF HONSHU,JAPAN_EMSC,287.01,287.18,True
2025-10-13 03:25:00+00:00,38.64,142.48,33.0,4.7,"NEAR EAST COAST OF HONSHU, JAPAN",October,Average,NEAR EAST COAST OF HONSHU,JAPAN_EMSC,410.66,411.98,True
2025-10-12 03:34:00+00:00,42.3,143.0,60.0,3.6,"HOKKAIDO, JAPAN REGION",October,Weak,HOKKAIDO,JAPAN_EMSC,788.52,790.8,True
2025-10-11 19:25:00+00:00,36.9,136.3,10.0,3.6,"NEAR WEST COAST OF HONSHU, JAPAN",October,Weak,NEAR WEST COAST OF HONSHU,JAPAN_EMSC,332.41,332.56,True
2025-10-11 14:24:00+00:00,27.3,127.7,90.0,4.3,"RYUKYU ISLANDS, JAPAN",October,Average,RYUKYU ISLANDS,JAPAN_EMSC,1468.6,1471.36,True
2025-10-11 03:30:00+00:00,36.6,141.0,50.0,3.6,"NEAR EAST COAST OF HONSHU, JAPAN",October,Weak,NEAR EAST COAST OF HONSHU,JAPAN_EMSC,155.08,162.94,True
2025-10-11 03:22:00+00:00,30.37,138.51,437.0,4.8,"IZU ISLANDS, JAPAN REGION",October,Average,IZU ISLANDS,JAPAN_EMSC,601.66,743.62,True
2025-10-10 22:06:00+00:00,41.89,142.49,35.0,4.3,"HOKKAIDO, JAPAN REGION",October,Average,HOKKAIDO,JAPAN_EMSC,730.76,731.6,True
2025-10-10 21:39:00+00:00,37.2,141.0,100.0,3.6,"NEAR EAST COAST OF HONSHU, JAPAN",October,Weak,NEAR EAST COAST OF HONSHU,JAPAN_EMSC,204.7,227.82,True
2025-10-10 12:25:00+00:00,38.0,141.8,60.0,4.0,"NEAR EAST COAST OF HONSHU, JAPAN",October,Average,NEAR EAST COAST OF HONSHU,JAPAN_EMSC,318.1,323.71,True
2025-10-08 21:51:00+00:00,34.9,136.8,10.0,3.3,"WESTERN HONSHU, JAPAN",October,Weak,WESTERN HONSHU,JAPAN_EMSC,276.72,276.9,True
2025-10-08 07:09:00+00:00,42.1,140.4,0.0,3.0,"HOKKAIDO, JAPAN REGION",October,Weak,HOKKAIDO,JAPAN_EMSC,715.44,715.44,True
2025-10-08 06:29:00+00:00,35.0,134.1,10.0,3.0,"WESTERN HONSHU, JAPAN",October,Weak,WESTERN HONSHU,JAPAN_EMSC,512.86,512.96,True
2025-10-08 02:49:00+00:00,36.28,127.76,9.0,3.1,SOUTH KOREA,October,Weak,SOUTH KOREA,JAPAN_EMSC,1074.89,1074.93,True
2025-10-07 21:38:00+00:00,29.31,129.19,15.0,5.3,"RYUKYU ISLANDS, JAPAN",October,Average,RYUKYU ISLANDS,JAPAN_EMSC,1212.5,1212.59,True
2025-10-07 17:02:00+00:00,29.3,129.1,10.0,3.9,"RYUKYU ISLANDS, JAPAN",October,Weak,RYUKYU ISLANDS,JAPAN_EMSC,1220.02,1220.06,True
2025-10-07 04:53:00+00:00,29.4,129.3,10.0,3.0,"RYUKYU ISLANDS, JAPAN",October,Weak,RYUKYU ISLANDS,JAPAN_EMSC,1197.92,1197.96,True
2025-10-07 01:42:00+00:00,37.76,144.14,6.0,4.6,"OFF EAST COAST OF HONSHU, JAPAN",October,Average,OFF EAST COAST OF HONSHU,JAPAN_EMSC,458.37,458.41,True
2025-10-07 01:17:00+00:00,37.76,144.11,7.0,4.7,"OFF EAST COAST OF HONSHU, JAPAN",October,Average,OFF EAST COAST OF HONSHU,JAPAN_EMSC,456.06,456.11,True
2025-10-07 00:30:00+00:00,37.56,141.33,56.0,5.1,"NEAR EAST COAST OF HONSHU, JAPAN",October,Average,NEAR EAST COAST OF HONSHU,JAPAN_EMSC,254.22,260.31,True
2025-10-06 20:02:00+00:00,27.26,140.26,444.0,4.1,"BONIN ISLANDS, JAPAN REGION",October,Average,BONIN ISLANDS,JAPAN_EMSC,938.86,1038.55,True
2025-10-06 18:25:00+00:00,37.79,144.21,10.0,4.7,"OFF EAST COAST OF HONSHU, JAPAN",October,Average,OFF EAST COAST OF HONSHU,JAPAN_EMSC,465.37,465.48,True
2025-10-06 14:58:00+00:00,37.72,144.13,10.0,4.9,"OFF EAST COAST OF HONSHU, JAPAN",October,Average,OFF EAST COAST OF HONSHU,JAPAN_EMSC,455.47,455.58,True
2025-10-06 14:20:00+00:00,37.75,144.16,10.0,4.8,"OFF EAST COAST OF HONSHU, JAPAN",October,Average,OFF EAST COAST OF HONSHU,JAPAN_EMSC,459.38,459.49,True
2025-10-06 02:31:00+00:00,39.8,141.8,60.0,3.8,"EASTERN HONSHU, JAPAN",October,Weak,EASTERN HONSHU,JAPAN_EMSC,493.19,496.83,True
2025-10-05 22:44:00+00:00,29.4,129.6,0.0,3.2,"RYUKYU ISLANDS, JAPAN",October,Weak,RYUKYU ISLANDS,JAPAN_EMSC,1175.26,1175.26,True
2025-10-05 15:35:00+00:00,43.0,144.7,110.0,4.0,"HOKKAIDO, JAPAN REGION",October,Average,HOKKAIDO,JAPAN_EMSC,919.49,926.05,True
2025-10-05 10:58:00+00:00,34.9,136.8,20.0,3.2,"WESTERN HONSHU, JAPAN",October,Weak,WESTERN HONSHU,JAPAN_EMSC,276.72,277.44,True
2025-10-05 06:31:00+00:00,42.5,141.9,130.0,4.2,"HOKKAIDO, JAPAN REGION",October,Average,HOKKAIDO,JAPAN_EMSC,780.82,791.57,True
2025-10-05 05:42:00+00:00,29.5,129.5,20.0,3.4,"RYUKYU ISLANDS, JAPAN",October,Weak,RYUKYU ISLANDS,JAPAN_EMSC,1175.84,1176.01,True
2025-10-05 03:49:00+00:00,33.27,127.54,19.0,2.8,SOUTH KOREA,October,Weak,SOUTH KOREA,JAPAN_EMSC,1145.02,1145.18,True
2025-10-04 15:21:00+00:00,37.43,141.53,40.0,6.0,"NEAR EAST COAST OF HONSHU, JAPAN",October,Severe,NEAR EAST COAST OF HONSHU,JAPAN_EMSC,253.79,256.92,True
2025-10-04 14:15:00+00:00,39.78,142.2,45.0,4.5,"NEAR EAST COAST OF HONSHU, JAPAN",October,Average,NEAR EAST COAST OF HONSHU,JAPAN_EMSC,505.45,507.45,True
2025-10-04 02:46:00+00:00,39.7,142.1,40.0,3.2,"NEAR EAST COAST OF HONSHU, JAPAN",October,Weak,NEAR EAST COAST OF HONSHU,JAPAN_EMSC,493.68,495.3,True
2025-10-03 08:45:00+00:00,38.3,141.7,60.0,3.2,"NEAR EAST COAST OF HONSHU, JAPAN",October,Weak,NEAR EAST COAST OF HONSHU,JAPAN_EMSC,340.67,345.91,True
2025-10-03 06:20:00+00:00,37.3,141.3,60.0,4.4,"NEAR EAST COAST OF HONSHU, JAPAN",October,Average,NEAR EAST COAST OF HONSHU,JAPAN_EMSC,229.64,237.35,True
2025-10-03 03:48:00+00:00,35.54,139.95,110.0,4.5,"NEAR S. COAST OF HONSHU, JAPAN",October,Average,NEAR S. COAST OF HONSHU,JAPAN_EMSC,28.66,113.67,True
2025-10-03 03:37:00+00:00,34.92,140.15,65.0,4.3,"NEAR EAST COAST OF HONSHU, JAPAN",October,Average,NEAR EAST COAST OF HONSHU,JAPAN_EMSC,95.14,115.22,True
2025-10-02 23:15:00+00:00,29.6,129.7,10.0,3.0,"RYUKYU ISLANDS, JAPAN",October,Weak,RYUKYU ISLANDS,JAPAN_EMSC,1153.78,1153.82,True
2025-10-02 11:41:00+00:00,33.7,132.5,40.0,3.5,"SHIKOKU, JAPAN",October,Weak,SHIKOKU,JAPAN_EMSC,693.5,694.65,True
2025-10-02 00:09:00+00:00,39.9,140.9,10.0,3.0,"EASTERN HONSHU, JAPAN",October,Weak,EASTERN HONSHU,JAPAN_EMSC,480.06,480.16,True
2025-10-01 23:02:00+00:00,28.49,139.65,422.0,4.2,"BONIN ISLANDS, JAPAN REGION",October,Average,BONIN ISLANDS,JAPAN_EMSC,800.56,904.98,True
2025-10-01 19:26:00+00:00,33.48,142.4,10.0,4.5,"OFF EAST COAST OF HONSHU, JAPAN",October,Average,OFF EAST COAST OF HONSHU,JAPAN_EMSC,349.01,349.15,True
2025-10-01 17:40:00+00:00,37.99,143.93,10.0,4.5,"OFF EAST COAST OF HONSHU, JAPAN",October,Average,OFF EAST COAST OF HONSHU,JAPAN_EMSC,455.65,455.76,True
2025-10-01 14:50:00+00:00,38.72,141.97,60.0,4.8,"NEAR EAST COAST OF HONSHU, JAPAN",October,Average,NEAR EAST COAST OF HONSHU,JAPAN_EMSC,392.73,397.29,True
2025-09-29 17:28:00+00:00,37.98,143.89,10.0,4.6,"OFF EAST COAST OF HONSHU, JAPAN",September,Average,OFF EAST COAST OF HONSHU,JAPAN_EMSC,452.11,452.22,True
2025-09-29 14:33:00+00:00,37.8,141.7,60.0,4.0,"NEAR EAST COAST OF HONSHU, JAPAN",September,Average,NEAR EAST COAST OF HONSHU,JAPAN_EMSC,295.1,301.14,True
2025-09-29 10:36:00+00:00,37.8,137.4,10.0,3.6,"NEAR WEST COAST OF HONSHU, JAPAN",September,Weak,NEAR WEST COAST OF HONSHU,JAPAN_EMSC,311.05,311.21,True
2025-09-29 07:56:00+00:00,31.39,138.55,300.0,4.0,"IZU ISLANDS, JAPAN REGION",September,Average,IZU ISLANDS,JAPAN_EMSC,489.64,574.24,True
2025-09-28 21:23:00+00:00,24.41,123.32,55.0,4.5,"SOUTHWESTERN RYUKYU ISL., JAPAN",September,Average,SOUTHWESTERN RYUKYU ISL.,JAPAN_EMSC,2008.91,2009.66,True
2025-09-28 12:35:00+00:00,29.6,129.8,10.0,3.4,"RYUKYU ISLANDS, JAPAN",September,Weak,RYUKYU ISLANDS,JAPAN_EMSC,1146.23,1146.27,True
2025-09-28 07:04:00+00:00,29.75,142.16,10.0,4.4,"IZU ISLANDS, JAPAN REGION",September,Average,IZU ISLANDS,JAPAN_EMSC,699.57,699.64,True
2025-09-28 06:35:00+00:00,29.65,142.24,10.0,4.1,"IZU ISLANDS, JAPAN REGION",September,Average,IZU ISLANDS,JAPAN_EMSC,712.58,712.65,True
2025-09-28 03:11:00+00:00,36.6,140.9,50.0,3.2,"NEAR EAST COAST OF HONSHU, JAPAN",September,Weak,NEAR EAST COAST OF HONSHU,JAPAN_EMSC,148.39,156.59,True
2025-09-28 02:45:00+00:00,41.43,142.15,50.0,3.7,"HOKKAIDO, JAPAN REGION",September,Weak,HOKKAIDO,JAPAN_EMSC,673.07,674.92,True
2025-09-28 01:42:00+00:00,35.5,137.4,60.0,3.0,"EASTERN HONSHU, JAPAN",September,Weak,EASTERN HONSHU,JAPAN_EMSC,208.28,216.75,True
2025-09-28 01:36:00+00:00,37.68,144.25,9.0,4.5,"OFF EAST COAST OF HONSHU, JAPAN",September,Average,OFF EAST COAST OF HONSHU,JAPAN_EMSC,462.74,462.83,True
2025-09-27 23:30:00+00:00,37.76,144.32,10.0,4.3,"OFF EAST COAST OF HONSHU, JAPAN",September,Average,OFF EAST COAST OF HONSHU,JAPAN_EMSC,472.31,472.42,True
2025-09-27 23:29:00+00:00,37.74,144.13,10.0,4.5,"OFF EAST COAST OF HONSHU, JAPAN",September,Average,OFF EAST COAST OF HONSHU,JAPAN_EMSC,456.53,456.64,True
2025-09-27 22:40:00+00:00,33.8,135.0,10.0,3.0,NEAR S. COAST OF WESTERN HONSHU,September,Weak,NEAR S. COAST OF WESTERN HONSHU,JAPAN_EMSC,477.32,477.42,True
2025-09-27 13:37:00+00:00,37.78,144.22,12.0,4.8,"OFF EAST COAST OF HONSHU, JAPAN",September,Average,OFF EAST COAST OF HONSHU,JAPAN_EMSC,465.61,465.76,True
2025-09-26 10:34:00+00:00,37.78,144.18,10.0,4.6,"OFF EAST COAST OF HONSHU, JAPAN",September,Average,OFF EAST COAST OF HONSHU,JAPAN_EMSC,462.53,462.64,True
2025-09-26 06:52:00+00:00,32.8,130.6,10.0,3.0,"KYUSHU, JAPAN",September,Weak,KYUSHU,JAPAN_EMSC,894.87,894.93,True
2025-09-26 01:58:00+00:00,35.0,140.0,60.0,3.9,"NEAR EAST COAST OF HONSHU, JAPAN",September,Weak,NEAR EAST COAST OF HONSHU,JAPAN_EMSC,81.61,101.29,True
2025-09-25 21:53:00+00:00,35.4,127.91,13.0,2.1,SOUTH KOREA,September,Weak,SOUTH KOREA,JAPAN_EMSC,1065.8,1065.88,True
2025-09-25 17:01:00+00:00,30.95,140.08,10.0,4.6,"IZU ISLANDS, JAPAN REGION",September,Average,IZU ISLANDS,JAPAN_EMSC,528.24,528.33,True
2025-09-25 09:42:00+00:00,35.39,125.54,11.0,2.6,YELLOW SEA,September,Weak,YELLOW SEA,JAPAN_EMSC,1279.78,1279.83,True
2025-09-25 00:14:00+00:00,37.84,144.14,10.0,4.6,"OFF EAST COAST OF HONSHU, JAPAN",September,Average,OFF EAST COAST OF HONSHU,JAPAN_EMSC,462.73,462.84,True
2025-09-24 18:03:00+00:00,38.94,142.09,55.0,4.6,"NEAR EAST COAST OF HONSHU, JAPAN",September,Average,NEAR EAST COAST OF HONSHU,JAPAN_EMSC,419.03,422.62,True
2025-09-24 12:17:00+00:00,35.7,139.8,70.0,3.5,"NEAR S. COAST OF HONSHU, JAPAN",September,Weak,NEAR S. COAST OF HONSHU,JAPAN_EMSC,9.85,70.69,True
2025-09-23 17:08:00+00:00,28.81,128.68,140.0,4.6,"RYUKYU ISLANDS, JAPAN",September,Average,RYUKYU ISLANDS,JAPAN_EMSC,1285.99,1293.59,True
2025-09-23 09:46:00+00:00,36.5,140.7,60.0,3.8,"NEAR EAST COAST OF HONSHU, JAPAN",September,Weak,NEAR EAST COAST OF HONSHU,JAPAN_EMSC,127.79,141.17,True
2025-09-22 23:53:00+00:00,35.55,129.95,25.0,2.2,SOUTH KOREA,September,Weak,SOUTH KOREA,JAPAN_EMSC,880.33,880.68,True
2025-09-22 21:51:00+00:00,36.41,142.58,10.0,4.5,"OFF EAST COAST OF HONSHU, JAPAN",September,Average,OFF EAST COAST OF HONSHU,JAPAN_EMSC,271.73,271.91,True
2025-09-21 17:14:00+00:00,36.6,141.0,50.0,3.8,"NEAR EAST COAST OF HONSHU, JAPAN",September,Weak,NEAR EAST COAST OF HONSHU,JAPAN_EMSC,155.08,162.94,True
2025-09-21 02:32:00+00:00,36.3,138.0,10.0,3.0,"EASTERN HONSHU, JAPAN",September,Weak,EASTERN HONSHU,JAPAN_EMSC,166.64,166.94,True
2025-09-20 21:47:00+00:00,40.26,141.85,46.0,4.0,"NEAR EAST COAST OF HONSHU, JAPAN",September,Average,NEAR EAST COAST OF HONSHU,JAPAN_EMSC,542.23,544.18,True
2025-09-20 20:34:00+00:00,29.6,129.8,10.0,3.8,"RYUKYU ISLANDS, JAPAN",September,Weak,RYUKYU ISLANDS,JAPAN_EMSC,1146.23,1146.27,True
2025-09-20 14:45:00+00:00,29.6,129.7,0.0,4.2,"RYUKYU ISLANDS, JAPAN",September,Average,RYUKYU ISLANDS,JAPAN_EMSC,1153.78,1153.78,True
2025-09-20 13:04:00+00:00,29.6,129.7,0.0,3.3,"RYUKYU ISLANDS, JAPAN",September,Weak,RYUKYU ISLANDS,JAPAN_EMSC,1153.78,1153.78,True
2025-09-20 12:32:00+00:00,29.6,129.8,10.0,3.4,"RYUKYU ISLANDS, JAPAN",September,Weak,RYUKYU ISLANDS,JAPAN_EMSC,1146.23,1146.27,True
2025-09-20 11:23:00+00:00,25.4,141.12,148.0,4.6,"VOLCANO ISLANDS, JAPAN REGION",September,Average,VOLCANO ISLANDS,JAPAN_EMSC,1152.24,1161.71,True
2025-09-20 04:46:00+00:00,24.13,126.3,10.0,4.9,"RYUKYU ISLANDS, JAPAN",September,Average,RYUKYU ISLANDS,JAPAN_EMSC,1817.97,1818.0,True
2025-09-20 04:02:00+00:00,29.6,129.7,0.0,3.0,"RYUKYU ISLANDS, JAPAN",September,Weak,RYUKYU ISLANDS,JAPAN_EMSC,1153.78,1153.78,True
2025-09-19 19:43:00+00:00,28.07,139.55,487.0,4.1,"BONIN ISLANDS, JAPAN REGION",September,Average,BONIN ISLANDS,JAPAN_EMSC,847.36,977.34,True
2025-09-19 18:20:00+00:00,36.2,141.0,40.0,3.3,"NEAR EAST COAST OF HONSHU, JAPAN",September,Weak,NEAR EAST COAST OF HONSHU,JAPAN_EMSC,130.74,136.72,True
2025-09-19 18:18:00+00:00,36.2,141.0,40.0,3.2,"NEAR EAST COAST OF HONSHU, JAPAN",September,Weak,NEAR EAST COAST OF HONSHU,JAPAN_EMSC,130.74,136.72,True
2025-09-19 18:02:00+00:00,36.19,140.85,39.0,4.6,"NEAR EAST COAST OF HONSHU, JAPAN",September,Average,NEAR EAST COAST OF HONSHU,JAPAN_EMSC,118.2,124.47,True
2025-09-19 17:38:00+00:00,28.0,139.67,504.0,4.1,"BONIN ISLANDS, JAPAN REGION",September,Average,BONIN ISLANDS,JAPAN_EMSC,855.04,992.53,True
2025-09-19 14:01:00+00:00,31.3,129.9,10.0,3.2,"KYUSHU, JAPAN",September,Weak,KYUSHU,JAPAN_EMSC,1030.1,1030.15,True
2025-09-19 01:53:00+00:00,29.6,129.7,0.0,3.0,"RYUKYU ISLANDS, JAPAN",September,Weak,RYUKYU ISLANDS,JAPAN_EMSC,1153.78,1153.78,True
2025-09-19 00:57:00+00:00,33.9,132.3,40.0,3.1,"SHIKOKU, JAPAN",September,Weak,SHIKOKU,JAPAN_EMSC,703.47,704.61,True
2025-09-19 00:19:00+00:00,29.6,129.8,10.0,3.0,"RYUKYU ISLANDS, JAPAN",September,Weak,RYUKYU ISLANDS,JAPAN_EMSC,1146.23,1146.27,True
2025-09-19 00:10:00+00:00,29.8,130.0,10.0,3.4,"RYUKYU ISLANDS, JAPAN",September,Weak,RYUKYU ISLANDS,JAPAN_EMSC,1117.26,1117.3,True
2025-09-18 23:11:00+00:00,29.6,129.8,0.0,3.5,"RYUKYU ISLANDS, JAPAN",September,Weak,RYUKYU ISLANDS,JAPAN_EMSC,1146.23,1146.23,True
2025-09-18 23:07:00+00:00,29.6,129.9,0.0,3.6,"RYUKYU ISLANDS, JAPAN",September,Weak,RYUKYU ISLANDS,JAPAN_EMSC,1138.7,1138.7,True
2025-09-18 18:39:00+00:00,35.49,141.01,25.0,4.5,"NEAR EAST COAST OF HONSHU, JAPAN",September,Average,NEAR EAST COAST OF HONSHU,JAPAN_EMSC,121.25,123.8,True
2025-09-18 16:46:00+00:00,29.6,129.8,0.0,3.1,"RYUKYU ISLANDS, JAPAN",September,Weak,RYUKYU ISLANDS,JAPAN_EMSC,1146.23,1146.23,True
2025-09-18 15:24:00+00:00,35.5,139.6,70.0,3.3,"NEAR S. COAST OF HONSHU, JAPAN",September,Weak,NEAR S. COAST OF HONSHU,JAPAN_EMSC,22.64,73.57,True
2025-09-18 10:06:00+00:00,32.0,131.87,48.0,4.1,"KYUSHU, JAPAN",September,Average,KYUSHU,JAPAN_EMSC,830.32,831.71,True
2025-09-18 02:35:00+00:00,39.8,141.8,60.0,3.3,"EASTERN HONSHU, JAPAN",September,Weak,EASTERN HONSHU,JAPAN_EMSC,493.19,496.83,True
2025-09-17 23:15:00+00:00,29.6,129.7,10.0,3.5,"RYUKYU ISLANDS, JAPAN",September,Weak,RYUKYU ISLANDS,JAPAN_EMSC,1153.78,1153.82,True
2025-09-17 18:46:00+00:00,32.0,131.9,30.0,3.5,"KYUSHU, JAPAN",September,Weak,KYUSHU,JAPAN_EMSC,827.92,828.46,True
2025-09-17 18:35:00+00:00,32.0,131.9,30.0,3.0,"KYUSHU, JAPAN",September,Weak,KYUSHU,JAPAN_EMSC,827.92,828.46,True
2025-09-17 17:25:00+00:00,29.6,129.8,0.0,3.0,"RYUKYU ISLANDS, JAPAN",September,Weak,RYUKYU ISLANDS,JAPAN_EMSC,1146.23,1146.23,True
2025-09-17 13:31:00+00:00,29.6,129.8,0.0,3.3,"RYUKYU ISLANDS, JAPAN",September,Weak,RYUKYU ISLANDS,JAPAN_EMSC,1146.23,1146.23,True
2025-09-17 13:27:00+00:00,29.75,129.64,10.0,3.5,"RYUKYU ISLANDS, JAPAN",September,Weak,RYUKYU ISLANDS,JAPAN_EMSC,1148.04,1148.08,True
2025-09-17 13:12:00+00:00,29.6,129.7,10.0,3.0,"RYUKYU ISLANDS, JAPAN",September,Weak,RYUKYU ISLANDS,JAPAN_EMSC,1153.78,1153.82,True
2025-09-17 13:06:00+00:00,29.6,129.7,10.0,3.4,"RYUKYU ISLANDS, JAPAN",September,Weak,RYUKYU ISLANDS,JAPAN_EMSC,1153.78,1153.82,True
2025-09-17 13:00:00+00:00,29.61,129.62,10.0,4.9,"RYUKYU ISLANDS, JAPAN",September,Average,RYUKYU ISLANDS,JAPAN_EMSC,1159.15,1159.19,True
2025-09-17 12:58:00+00:00,29.7,129.6,0.0,3.3,"RYUKYU ISLANDS, JAPAN",September,Weak,RYUKYU ISLANDS,JAPAN_EMSC,1154.5,1154.5,True
2025-09-17 12:55:00+00:00,29.52,129.64,28.0,4.9,"RYUKYU ISLANDS, JAPAN",September,Average,RYUKYU ISLANDS,JAPAN_EMSC,1163.86,1164.2,True
2025-09-17 12:53:00+00:00,29.59,129.65,10.0,4.6,"RYUKYU ISLANDS, JAPAN",September,Average,RYUKYU ISLANDS,JAPAN_EMSC,1158.25,1158.29,True
2025-09-17 12:50:00+00:00,29.6,129.7,10.0,3.0,"RYUKYU ISLANDS, JAPAN",September,Weak,RYUKYU ISLANDS,JAPAN_EMSC,1153.78,1153.82,True
2025-09-17 05:46:00+00:00,34.6,139.4,10.0,3.2,"NEAR S. COAST OF HONSHU, JAPAN",September,Weak,NEAR S. COAST OF HONSHU,JAPAN_EMSC,124.02,124.42,True
2025-09-16 21:33:00+00:00,34.49,139.47,10.0,4.0,"NEAR S. COAST OF HONSHU, JAPAN",September,Average,NEAR S. COAST OF HONSHU,JAPAN_EMSC,134.89,135.26,True
2025-09-16 18:45:00+00:00,31.5,131.9,20.0,3.6,"KYUSHU, JAPAN",September,Weak,KYUSHU,JAPAN_EMSC,858.52,858.75,True
2025-09-16 14:30:00+00:00,27.28,140.31,321.0,4.0,"BONIN ISLANDS, JAPAN REGION",September,Average,BONIN ISLANDS,JAPAN_EMSC,936.92,990.38,True
2025-09-16 03:18:00+00:00,39.44,143.44,3.0,4.4,"OFF EAST COAST OF HONSHU, JAPAN",September,Average,OFF EAST COAST OF HONSHU,JAPAN_EMSC,531.93,531.94,True
2025-09-16 01:21:00+00:00,35.9,140.8,40.0,3.9,"NEAR EAST COAST OF HONSHU, JAPAN",September,Weak,NEAR EAST COAST OF HONSHU,JAPAN_EMSC,102.66,110.18,True
2025-09-15 19:00:00+00:00,37.62,138.97,180.0,4.4,"NEAR WEST COAST OF HONSHU, JAPAN",September,Average,NEAR WEST COAST OF HONSHU,JAPAN_EMSC,224.11,287.45,True
2025-09-15 08:43:00+00:00,36.91,141.61,35.0,4.0,"NEAR EAST COAST OF HONSHU, JAPAN",September,Average,NEAR EAST COAST OF HONSHU,JAPAN_EMSC,219.01,221.79,True
2025-09-15 06:49:00+00:00,36.41,128.64,14.0,2.0,SOUTH KOREA,September,Weak,SOUTH KOREA,JAPAN_EMSC,996.24,996.34,True
2025-09-15 06:34:00+00:00,36.41,128.64,15.0,2.3,SOUTH KOREA,September,Weak,SOUTH KOREA,JAPAN_EMSC,996.24,996.35,True
2025-09-15 04:34:00+00:00,38.44,141.99,65.0,4.4,"NEAR EAST COAST OF HONSHU, JAPAN",September,Average,NEAR EAST COAST OF HONSHU,JAPAN_EMSC,367.56,373.26,True
2025-09-15 02:32:00+00:00,29.4,129.5,10.0,3.0,"RYUKYU ISLANDS, JAPAN",September,Weak,RYUKYU ISLANDS,JAPAN_EMSC,1182.79,1182.83,True
